{
  "hash": "05880ea3",
  "configHash": "56603f52",
  "lockfileHash": "0ffb3d6f",
  "browserHash": "56d11308",
  "optimized": {
    "@angular/common": {
      "src": "../../../../../node_modules/@angular/common/fesm2022/common.mjs",
      "file": "@angular_common.js",
      "fileHash": "37daa2f1",
      "needsInterop": false
    },
    "@angular/common/http": {
      "src": "../../../../../node_modules/@angular/common/fesm2022/http.mjs",
      "file": "@angular_common_http.js",
      "fileHash": "6d374b29",
      "needsInterop": false
    },
    "@angular/core": {
      "src": "../../../../../node_modules/@angular/core/fesm2022/core.mjs",
      "file": "@angular_core.js",
      "fileHash": "e12c43b3",
      "needsInterop": false
    },
    "@angular/forms": {
      "src": "../../../../../node_modules/@angular/forms/fesm2022/forms.mjs",
      "file": "@angular_forms.js",
      "fileHash": "9bb449a7",
      "needsInterop": false
    },
    "@angular/platform-browser": {
      "src": "../../../../../node_modules/@angular/platform-browser/fesm2022/platform-browser.mjs",
      "file": "@angular_platform-browser.js",
      "fileHash": "5f211222",
      "needsInterop": false
    },
    "@angular/router": {
      "src": "../../../../../node_modules/@angular/router/fesm2022/router.mjs",
      "file": "@angular_router.js",
      "fileHash": "e3a5b818",
      "needsInterop": false
    }
  },
  "chunks": {
    "chunk-T35DB676": {
      "file": "chunk-T35DB676.js"
    },
    "chunk-54TEGARX": {
      "file": "chunk-54TEGARX.js"
    },
    "chunk-BDSR2EP6": {
      "file": "chunk-BDSR2EP6.js"
    },
    "chunk-NGLUOGFD": {
      "file": "chunk-NGLUOGFD.js"
    }
  }
}